{
    "formatVersion": "1.0",
    "title": "YCLMazeMakerPlaygroundBook",
    "subtitle": "Simple maze making tools",
    "publisherName": "Marcelo Paredes",
    "feedIdentifier": "cl.yurai.games.3d.playgrounds.Mazes1",
    "contactURL": "https://www.facebook.com/yurai.cl",
    "documents": [{
        "title": "YCLMazeMaker",
        "overviewSubtitle": "Simple maze making tools",
        "description": "Tools for making simple mazes",
        "difficultyLevel": "beginner",
        "contentIdentifier": "cl.yurai.games.3d.playgrounds.Mazes1.mazes",
        "contentVersion": "1.0",
        "url": "https://github.com/marcelo-paredes/YCLMazeMakerPlaygroundsBook/archive/master.zip",
        "publishedDate": "2018-01-28T00:00:00+00:00",
        "lastUpdateDate": "2018-01-28T00:00:00+00:00",
        "thumbnailURL": "https://github.com/marcelo-paredes/YCLMazeMakerPlaygroundsBook/raw/master/thumbnail.png",
        "bnnerImageURL": "https://github.com/marcelo-paredes/YCLMazeMakerPlaygroundsBook/raw/master/banner.png",
        "additionalInformation": [{
            "name": "Languages",
            "value": "English"
        }],
        "previewImageURLs": [
            "https://github.com/marcelo-paredes/YCLMazeMakerPlaygroundsBook/raw/master/preview1.png"
        ]
    }]
}